customer_id,name,segment,city,join_date
1,William Hurst,Startup,East Michele,2025-05-26
2,Judy Tanner,Enterprise,Karenmouth,2025-04-24
3,Renee Jackson,Enterprise,East Alexandermouth,2024-03-19
4,Diana Osborn,Startup,South Malikside,2023-12-16
5,Heather Bridges,SMB,East Jimmyfort,2025-01-29
6,Courtney King,Enterprise,Billyfurt,2025-01-09
7,Joshua Shaw Jr.,Enterprise,Port Kathleen,2025-05-25
8,Kimberly Keith,Enterprise,Katelynmouth,2023-09-08
9,Victoria Middleton,Startup,Kennethmouth,2025-05-23
10,Emma Harper,Enterprise,Port Annaview,2024-11-10
11,Tiffany Miller,Startup,Gardnerburgh,2024-04-03
12,Emily Reeves,Startup,New Amy,2024-12-14
13,Andrew King,Startup,Katieport,2025-01-22
14,Todd Olson,Enterprise,Shannonburgh,2023-10-28
15,Carlos Allen,Startup,Cassidyville,2024-08-29
16,Andrew Pearson,SMB,North Tanyaview,2023-07-15
17,Anna Martinez,Enterprise,Lake Shannonburgh,2024-04-03
18,Roberto Maldonado,Enterprise,Bryanborough,2023-08-27
19,Bruce Cooley,Enterprise,East Ronald,2024-01-20
20,Noah Grant,Enterprise,North Jennifer,2023-07-20
21,Michele Patterson,Enterprise,Lisahaven,2025-04-19
22,Benjamin Bonilla,Startup,Wardfort,2024-03-01
23,Samantha Bautista,Startup,Lake Alexandra,2024-03-29
24,Eric Ferrell,Enterprise,Franklinland,2023-08-13
25,Sara Rodriguez,Startup,Leville,2024-01-01
26,Alex Stephens,Enterprise,Lake Kristinberg,2024-04-10
27,Jill Chapman,Startup,Haleyburgh,2024-10-27
28,Kelly Fernandez,Startup,Wrightmouth,2025-01-06
29,Ms. Lindsey Osborne,Startup,New Michaelmouth,2023-07-10
30,Brenda Burke,Startup,Danielleburgh,2024-12-30
31,Kevin Jackson,SMB,Leeland,2024-09-05
32,Jordan Walker,Enterprise,Curtisview,2023-11-16
33,Judy Ryan,SMB,Lake Kyle,2024-05-28
34,Danielle Obrien,Startup,Lake Davidmouth,2024-05-09
35,Anna Chandler,SMB,Wallacefort,2024-08-15
36,Tiffany Jones,Enterprise,Spencerburgh,2024-11-06
37,Christopher Moore,Enterprise,East Kimberly,2024-04-11
38,Wendy Graham,Startup,New Joshuaton,2025-04-12
39,Steven Peterson,SMB,New Danielle,2024-03-15
40,Samuel Jimenez,SMB,Rebeccaland,2024-02-21
41,Briana Dawson,SMB,West Sethmouth,2023-10-26
42,Aaron Shaw,Enterprise,South Gina,2025-02-19
43,Benjamin White,Enterprise,West Manuelbury,2024-07-28
44,Andrew Montoya,SMB,East Michelle,2024-06-14
45,Stephen Ellis,Enterprise,East Karenberg,2024-07-25
46,Lauren Ford,Enterprise,South Madeline,2023-12-07
47,Sarah Johnson,SMB,Lake Connor,2024-03-10
48,Gary Hunter,Enterprise,Sharpborough,2023-08-27
49,John Smith,SMB,Marieburgh,2024-09-30
50,Timothy Barton,SMB,East Melindatown,2023-10-08
51,Alan Dickerson,Startup,Rogerside,2024-04-03
52,Cassandra Gibson,SMB,North Jennifer,2025-04-08
53,Kristy Smith,Enterprise,Carpentertown,2023-09-29
54,Tom Huber,Startup,Jonesfurt,2024-09-25
55,James Beck,SMB,Shepherdbury,2023-06-26
56,Danielle Nelson,Startup,Brooksmouth,2023-10-31
57,Jennifer Ross,Enterprise,Stephensview,2024-02-19
58,Rachel Williams,SMB,Nguyenborough,2024-01-05
59,Reginald Schmidt,Enterprise,Lake Tracyton,2025-02-11
60,Jason Barrett,Startup,Albertmouth,2023-06-30
61,James Lee,SMB,Maryburgh,2024-03-24
62,Kimberly Olsen,Startup,North Spencer,2024-10-09
63,Lawrence Huber,Startup,Jasonside,2024-09-08
64,John Martin,SMB,Meganview,2023-12-26
65,Paul Soto,Startup,Davisstad,2025-04-30
66,Charles Hartman,Enterprise,Lake Gerald,2024-04-03
67,Robert Long,Startup,Davidville,2024-12-09
68,Timothy Dean,Enterprise,New Jennifer,2025-03-17
69,Emily Wilson,Enterprise,Warrenville,2024-12-23
70,Angel Montgomery,Startup,North Aliciafurt,2024-04-03
71,Leslie Ramirez,Enterprise,New Zacharyfurt,2023-09-07
72,Mr. Cody Stewart,SMB,Chaseville,2024-05-15
73,Tiffany Zimmerman,Enterprise,Zacharystad,2023-09-18
74,Nathan Turner,Enterprise,Kennethside,2024-09-01
75,Theresa Roberts,Enterprise,East Joseph,2025-01-05
76,Ryan King,SMB,Courtneystad,2024-09-29
77,Donald Bridges,SMB,Georgemouth,2023-08-19
78,Bailey Carter,SMB,Richardschester,2024-02-20
79,Samuel Elliott DVM,Startup,Jessicahaven,2025-01-21
80,Thomas Davis,SMB,North Sherryberg,2024-02-14
81,Mallory Hester,Enterprise,Tanyatown,2023-10-25
82,Katie Day,SMB,Arnoldmouth,2024-06-02
83,Matthew Jones,SMB,Lindseymouth,2025-04-19
84,John Fritz,Enterprise,Hendersonmouth,2024-01-15
85,Calvin Mayer,Startup,Lindseybury,2024-07-10
86,April White,SMB,Lopezton,2023-06-24
87,Stephanie Young,Startup,Allenview,2024-07-12
88,John Spencer,Startup,South Alexandra,2025-06-21
89,Elizabeth Harris,Startup,South Danielfurt,2024-05-24
90,Ms. Andrea Sanders,Enterprise,Mccartyside,2024-08-01
91,Steven Daugherty,Startup,Nicolebury,2024-09-27
92,Amber Giles,Startup,North Paulbury,2025-06-06
93,Beverly Donovan,Enterprise,East Katherine,2023-09-26
94,Donna Pittman,Startup,Port Emily,2024-09-28
95,David Graham,Startup,West Stanley,2023-11-02
96,David Ryan,Enterprise,Port Jonathanport,2024-06-13
97,Scott Blackwell,Enterprise,New Tinaton,2025-04-29
98,Michael Stewart,SMB,Lake Karen,2024-09-05
99,Mrs. Mary Johnson,SMB,New Carolynfurt,2024-01-24
100,Michael Brown,SMB,Davishaven,2024-04-18
101,Anthony Glover,Startup,Jonathanchester,2023-12-13
102,Christina Phillips,Startup,Phillipsburgh,2023-11-22
103,Edward Glover,Startup,South Michael,2023-07-26
104,Justin Wilson,Enterprise,Port Joseph,2024-04-17
105,Elizabeth Warner,Startup,Nancyfort,2024-10-31
106,Nancy Alexander,SMB,Lake Kayla,2024-01-23
107,Jacob Cruz,Enterprise,North Sarahburgh,2024-10-25
108,Kara Harris,Enterprise,Lake Robert,2023-08-27
109,Michele Thompson,Enterprise,Port Veronica,2024-11-14
110,Travis Banks,SMB,New Tanya,2024-11-13
111,Desiree Jacobs,SMB,Jacksonchester,2023-07-12
112,David Mccall,SMB,Dianeview,2024-09-26
113,Todd Turner,Enterprise,North Alexis,2025-01-09
114,Angela Martinez,Enterprise,Brewershire,2025-05-22
115,Marcus Dixon,Startup,West William,2025-06-19
116,Melissa Austin,Startup,Gardnerport,2024-11-11
117,Sarah Jacobs,SMB,Jessehaven,2024-10-15
118,Janet Perry,Enterprise,East Kevin,2023-06-26
119,Virginia Martin,Startup,Anthonyport,2024-08-16
120,Megan Coleman,SMB,West Jeffery,2024-10-09
121,Robert Nelson,SMB,North Deborah,2024-08-09
122,Adam Willis,Startup,Laurenland,2024-06-05
123,Jill Preston,SMB,West Anthony,2024-03-11
124,Leslie Davis,Enterprise,Wilsonfort,2024-07-24
125,Nicholas Steele,SMB,Stephaniehaven,2024-01-19
126,Denise Young,Enterprise,Millermouth,2024-03-30
127,Henry Bailey,Enterprise,East Nicholas,2024-05-31
128,Sara Smith,Startup,Lopezburgh,2025-06-19
129,Shane Davidson,Startup,West Brenda,2025-06-15
130,Jeffery Henderson,Startup,Webbbury,2023-12-18
131,Elizabeth Yang,SMB,New Kimberly,2023-11-20
132,David Torres,Startup,Port Daniel,2023-07-11
133,Sylvia Perry,Startup,South Timothy,2024-02-29
134,Christopher Frey,SMB,Lucasville,2024-10-10
135,Thomas Brown,Startup,Port Michaelland,2023-11-25
136,Douglas Smith,SMB,New Deanside,2024-10-07
137,April Archer,SMB,Port Andrea,2023-10-14
138,Sabrina Matthews,Enterprise,Hicksberg,2024-11-19
139,Wendy Pena,Enterprise,East Brandon,2024-02-21
140,James Parker,Startup,Daleshire,2025-02-07
141,Patrick Klein,SMB,New Chelseastad,2024-12-16
142,Erik Smith,Enterprise,Port Johnbury,2023-10-03
143,Joseph Rose,Enterprise,East Janiceland,2024-09-01
144,Jeremy Rush,Enterprise,Guzmantown,2023-07-22
145,Chris Foley,Enterprise,New Brianhaven,2024-11-08
146,Michelle Hernandez,Startup,Jasonshire,2024-09-09
147,Brandi Randall,Enterprise,New Karen,2024-05-24
148,Danielle Medina,Startup,Rebeccaville,2024-11-30
149,Pamela Johnson,SMB,Mitchellfurt,2025-04-19
150,Shannon Leach,Startup,West Alisontown,2023-08-31
151,Robert Brady,Enterprise,Reneeberg,2023-12-26
152,Brian Lambert,SMB,Roberttown,2025-04-20
153,Amber Reyes,SMB,Port Markfurt,2024-06-16
154,Aaron Wiggins,Startup,West Deborahstad,2023-07-16
155,James Obrien,SMB,Melindashire,2024-09-25
156,Brenda Owens,Startup,North Cristianberg,2023-07-30
157,Olivia Jackson,SMB,Port Shaneport,2024-11-14
158,Lisa Wilson,Startup,Williamsborough,2024-01-02
159,Hannah Ochoa,Enterprise,East Kristibury,2024-01-23
160,Christopher Estes,Startup,Lake Craig,2023-08-20
161,David Orozco,Startup,West Bradley,2024-03-12
162,Jennifer Kelly,Enterprise,North Kevin,2024-12-29
163,Theresa Sanchez,Startup,Jessicaside,2024-06-17
164,Michael Shields,Startup,Lake Johnstad,2024-04-29
165,Alexis Henderson,SMB,Karenmouth,2024-04-18
166,Cynthia Cook,Startup,Lake Stephaniefort,2024-03-26
167,Stacy Cruz,SMB,North Jeremy,2023-12-19
168,Kevin Roberts,Enterprise,West Alishaborough,2024-08-16
169,Katherine Taylor,SMB,East Danielside,2024-05-12
170,Jimmy Webb,SMB,Jamesshire,2025-03-04
171,Christopher Goodwin,Enterprise,Port Donna,2024-08-16
172,Jessica Clark,SMB,West Blakefurt,2024-04-23
173,Brian Chapman,Enterprise,Wolfshire,2025-05-26
174,Bill Hansen DVM,Startup,Sandovalmouth,2025-01-19
175,Derek Butler,Startup,New Patricia,2024-07-02
176,Anne Ramos,SMB,East Samuel,2024-07-06
177,Tony Nunez,Startup,Yvonneborough,2024-01-19
178,Teresa Barnett,Enterprise,Traceyborough,2024-01-14
179,William Jones,Startup,Katherineview,2023-09-20
180,Kelly Jackson,Enterprise,South James,2024-09-19
181,Debbie Turner,Startup,South Tim,2023-10-04
182,Ryan Johnson,SMB,Matthewland,2024-11-01
183,Heather Tran,Startup,Kingberg,2023-08-06
184,Andrea White MD,Startup,Jenkinsshire,2024-09-13
185,Dawn Lee,Startup,Port Carolynport,2024-07-24
186,Jeremiah Woodward,Enterprise,New Robert,2023-09-06
187,Jennifer Smith,Enterprise,Susanmouth,2025-06-14
188,Susan Vincent,SMB,Lake Rachel,2023-12-21
189,Patrick Coleman DVM,Enterprise,Samanthamouth,2024-01-06
190,Amber Lopez,Startup,North Patriciahaven,2025-02-19
191,Sean Mccormick,Startup,West Alyssa,2024-03-03
192,Andre Lewis,Enterprise,Ericachester,2025-06-13
193,Christina Patterson,Startup,East Jamesville,2024-01-31
194,Frederick Williams,SMB,Melissaton,2025-04-07
195,Darryl Grant,SMB,North Pedroberg,2023-08-07
196,Christie Fuentes,Enterprise,Andersonfort,2023-09-29
197,Kimberly Anderson,Enterprise,East Dillon,2023-10-13
198,Robin Smith,SMB,Jonathantown,2024-05-08
199,Elizabeth Jones,SMB,New Michelle,2024-09-27
200,Russell Phillips,Enterprise,Cherylville,2025-01-09
201,Laura Porter,Enterprise,South Noahshire,2023-12-19
202,Rebecca Ross,Enterprise,East Davidbury,2023-12-02
203,Tina Lee,Startup,North Adam,2024-01-20
204,Melissa Fisher,Enterprise,Danielland,2023-07-12
205,Donna Brown,Enterprise,Jaimebury,2023-09-02
206,Abigail Williamson,Startup,Rodriguezburgh,2023-09-03
207,Beverly Murphy,SMB,New Courtneyville,2023-12-08
208,Leslie Bailey,Enterprise,South Monica,2023-07-03
209,Devon Ibarra,Startup,West Andrew,2023-07-10
210,Bobby Lucas,Enterprise,Wallerfort,2025-04-27
211,Kelsey Jones,Enterprise,Sandersside,2024-01-11
212,Dawn Haas,Startup,Velezborough,2024-10-18
213,Daniel Galvan,SMB,Mckeechester,2023-08-22
214,Jason Reynolds,Startup,Hillstad,2024-08-09
215,Harold Myers,Enterprise,Chelseaburgh,2023-10-10
216,William Wong,SMB,New Francis,2023-10-13
217,Anna Thomas,Startup,Moorechester,2024-08-21
218,Kimberly Atkinson,Startup,Justinview,2024-08-19
219,Ryan Whitney,SMB,West Amandatown,2024-11-23
220,Jocelyn Good,Enterprise,Laurenburgh,2025-03-06
221,Patricia Norton,Startup,Stephensborough,2024-03-02
222,Tara Compton,Startup,Jacobborough,2023-10-19
223,Elizabeth Quinn,Startup,Lake Dariusmouth,2024-08-28
224,David Harrison,Enterprise,Lopezhaven,2023-11-29
225,Brian Fletcher,Startup,East Michael,2025-04-19
226,Tony Martinez,SMB,Conwayton,2023-09-14
227,Gregory Lewis,SMB,Amybury,2025-02-20
228,Jonathon Brown,Startup,North Sarahville,2024-11-23
229,Justin Jones,Startup,Kellymouth,2024-02-25
230,Justin Underwood,SMB,Keithville,2024-07-08
231,Teresa Ford,SMB,South Robert,2024-02-28
232,Sonia Ellis,Startup,New Brettshire,2024-03-04
233,Christine Thomas,SMB,Kyliefort,2023-06-29
234,Dawn Carson,Enterprise,South Stephenburgh,2024-12-21
235,Kaitlin Blake,Enterprise,Lake Nicolechester,2025-01-03
236,Paul Jennings,Enterprise,Clementschester,2024-04-01
237,Rodney Nguyen,Enterprise,Keithmouth,2025-01-19
238,Julian Hogan,SMB,North Lisa,2023-09-12
239,Theresa Hood,Enterprise,Staffordberg,2023-10-23
240,Richard Romero,Startup,Jamieside,2023-06-30
241,Laura Porter,Startup,Martinbury,2024-02-02
242,Ashlee Henry DDS,Enterprise,Dylanborough,2023-09-28
243,Stephanie Rodriguez,Startup,Walkerland,2024-12-26
244,Douglas Curry,Enterprise,Oliviaborough,2024-06-03
245,Andrew Sanders,Enterprise,Lake Chelseaville,2024-12-16
246,Caitlin Leonard,Enterprise,Lamfort,2025-01-01
247,Amanda Cook,Startup,Robertton,2025-01-26
248,Scott Welch,Startup,Port Daniel,2025-01-10
249,Michael Bowman,Enterprise,East Karen,2024-07-23
250,Thomas Johnson,Enterprise,Staffordchester,2024-11-02
251,Mark Gonzalez,Enterprise,Andersonfurt,2025-05-13
252,Mary Hamilton,Enterprise,Rebekahview,2024-01-31
253,Francisco Bennett,SMB,Port Mallory,2023-10-22
254,John Black,Enterprise,Lake Summer,2025-01-08
255,Laura Fuller,Startup,West Derrickfort,2023-10-17
256,Amy Henry,Enterprise,Lake William,2024-12-13
257,Nicolas Moran,SMB,Williamberg,2024-08-07
258,Jonathan Wong,Startup,Reynoldsmouth,2023-09-16
259,Paula Morgan,SMB,Wendyton,2023-10-19
260,Annette Stanley,Enterprise,Lake Christopher,2024-09-15
261,Nicholas Gonzales,Startup,Alyssaside,2024-12-17
262,Louis Brewer,Enterprise,West Crystalfurt,2024-05-19
263,Katherine Stewart MD,Startup,Frankstad,2023-09-15
264,Jackie Gomez,Startup,Loriside,2024-12-26
265,Thomas Carr,Startup,Evansville,2024-11-06
266,Kevin Moore,SMB,Amberburgh,2024-03-11
267,Laura Medina,Enterprise,Richardborough,2024-02-08
268,Danny Guerrero,SMB,Carrollton,2023-12-24
269,Julie Young,SMB,Martinezburgh,2024-06-22
270,Charles Dean,Enterprise,West Michael,2024-11-01
271,Karen Padilla,Enterprise,South Chloe,2023-11-11
272,Dennis Johnson,Enterprise,New Victoria,2023-11-13
273,Brandy Cantrell,Startup,Amandaburgh,2023-11-19
274,Caitlin Hall,SMB,West Tara,2025-02-09
275,David Franco,SMB,East Christopher,2025-02-06
276,Amber Daugherty,SMB,East Preston,2023-07-21
277,Robert Ford,SMB,Port Markland,2025-06-13
278,Diana Walker,SMB,Lake Jonathan,2025-02-11
279,Maria Allen,Startup,South Christopher,2024-08-02
280,Emily Castillo,Enterprise,West Jacqueline,2023-12-10
281,Ray Jones,Startup,Nicholasport,2024-07-19
282,Stephanie Davis,Startup,Garrettbury,2024-05-03
283,Ronald Davis,Startup,Jessicastad,2025-03-13
284,Miranda Shepherd,Enterprise,Pamelaland,2025-02-07
285,Caitlin Miller,Enterprise,Port Danielton,2024-12-18
286,Kimberly Bailey,SMB,Careystad,2024-02-08
287,Elizabeth Henderson,Startup,Rogersmouth,2024-07-06
288,David Armstrong,SMB,Thomasview,2025-01-11
289,Cheryl Stanton,Enterprise,Port Bruce,2024-03-09
290,Donna Allen,Enterprise,Snyderburgh,2024-03-30
291,Karen Trujillo,Enterprise,West Anita,2025-02-27
292,Barbara Smith,Enterprise,Melissabury,2024-02-11
293,Kristin Tran,Startup,Lake George,2024-09-23
294,Jessica Hanson,SMB,South Richardstad,2023-11-08
295,Karen Johnson,Enterprise,Wattsport,2024-10-10
296,Ashlee Barnes,SMB,New Crystaltown,2023-11-21
297,Jesse Morton,Enterprise,North Andreview,2024-04-07
298,Elaine Robbins,SMB,New Dominicchester,2024-09-29
299,Thomas Taylor,SMB,Thomasstad,2024-10-11
300,David Hansen,Enterprise,Port Kurtfort,2023-12-06
301,Kimberly Hall,Enterprise,North Henrymouth,2024-10-13
302,Elizabeth Smith,SMB,South Richard,2023-08-10
303,William Reed,Startup,Staffordport,2024-04-12
304,Michael Manning,Enterprise,Amberburgh,2024-09-22
305,Meagan Young,Enterprise,West Matthew,2025-03-22
306,Jason Garrett,Startup,Hernandezchester,2024-01-07
307,Sarah Mcdonald,Startup,East Jodi,2025-04-26
308,Mary Mann,Enterprise,Matthewside,2025-03-23
309,Erin Long,Enterprise,Lake Melissaton,2024-07-31
310,Megan Morris,Enterprise,New Elizabethfurt,2024-10-13
311,Thomas Silva,Enterprise,Ericmouth,2024-11-12
312,John Lin,SMB,Spencertown,2023-09-15
313,Katie Martinez,SMB,Stacyport,2024-08-28
314,Susan Williams,SMB,Lake Debbie,2025-04-06
315,Albert Davis,Enterprise,East Daniel,2025-03-04
316,Jackson Sullivan,SMB,West Jennifer,2024-01-28
317,James Smith,Enterprise,New Jacqueline,2025-05-30
318,Kelsey Flynn,Enterprise,Coreyborough,2025-03-11
319,John Dean,SMB,Port Lindafort,2023-08-02
320,Dawn Warner,Enterprise,Alexisville,2025-03-23
321,Jennifer Johnson,SMB,New Dillon,2023-08-29
322,Jeffrey Olson,SMB,New Markmouth,2024-10-02
323,Rodney Hill,SMB,North Justin,2025-03-08
324,Michael Reyes,SMB,Cookland,2024-08-16
325,Sheila Yates,SMB,Gabrielstad,2025-06-14
326,Thomas Holland,Startup,Lopezburgh,2023-12-03
327,Amanda Durham,Startup,East Jody,2024-06-26
328,Karen Maddox DDS,Startup,East Brent,2024-06-09
329,Jennifer Castaneda,Startup,Aprilshire,2024-12-17
330,Mr. Steven Thompson,Startup,New Austin,2023-10-23
331,Jessica Rodriguez,SMB,Curtismouth,2024-09-19
332,Hailey Hoffman,Enterprise,South Nathanstad,2025-02-22
333,Daniel Glover,Enterprise,Kathleenmouth,2024-05-31
334,Timothy Baker,SMB,New Paul,2025-01-30
335,Kelly Rodriguez,Enterprise,Jackchester,2024-12-30
336,Francisco Wu,Enterprise,Port Brandon,2025-01-05
337,Shawn Harris Jr.,Startup,South Michaelton,2024-08-13
338,Craig Hanson,Startup,Michaelhaven,2025-03-17
339,Michelle Dennis,Startup,Samanthachester,2023-07-10
340,Michele Phillips DDS,Enterprise,Richardport,2024-07-12
341,Thomas Smith,Startup,East Stacy,2023-08-26
342,Mr. Tyler Smith,SMB,East Annettefurt,2025-05-13
343,Paul Martin,Enterprise,Toddtown,2023-07-24
344,Sharon Chang,Enterprise,Port Robertview,2023-10-10
345,Kathy Robinson,Startup,East Lauramouth,2024-02-09
346,James Rhodes,SMB,Port Rachael,2024-10-14
347,Johnny Dean,Startup,Smithburgh,2024-04-21
348,Harold Williams,Startup,Port Jeffreyland,2024-10-04
349,Brian Cole,Enterprise,North Katherinehaven,2024-06-01
350,Adam Johnston,Enterprise,Russelltown,2025-03-25
351,Lisa Ruiz,Startup,Jameston,2024-10-09
352,Timothy Webb,Enterprise,New Margaretside,2023-12-17
353,Seth Brown,Enterprise,Howardtown,2025-04-10
354,Tiffany Hancock,Enterprise,Angelaland,2024-02-03
355,William Richardson,Startup,New Thomas,2023-10-09
356,Kathy Hughes,Enterprise,Bartlettfort,2024-06-19
357,Marcus Gonzales,Startup,Silvaburgh,2023-08-03
358,Andrew Osborne,Enterprise,New Matthewborough,2025-05-24
359,Matthew Mitchell,SMB,Smithtown,2024-06-20
360,William Ruiz,Enterprise,Ashleymouth,2025-06-02
361,Paul Horne,Startup,Howardbury,2025-01-09
362,Casey Dennis,Enterprise,Josephside,2023-07-30
363,Mark Brown,Startup,Lake Stephen,2023-12-21
364,Dr. Joshua Jones DDS,Startup,South Sonyaport,2023-10-30
365,Rick King,Enterprise,Roseland,2024-06-19
366,Sarah Spears,Startup,Lake Scottmouth,2025-01-03
367,Selena Johnson,Enterprise,Stevenston,2024-01-05
368,Kelli Weaver,SMB,East Charles,2024-11-14
369,Logan Mckinney,Startup,Navarrochester,2024-04-26
370,Kimberly Gray,Startup,South Kaylafurt,2024-08-12
371,Alison Hughes,Startup,North Chloeshire,2024-09-27
372,Mark Espinoza,Startup,Lake Dale,2023-08-10
373,Brian Hudson,SMB,Garzaside,2025-01-06
374,Stacy Holmes,SMB,North Angelport,2024-07-04
375,Dean Glover,Enterprise,Adamburgh,2025-06-05
376,Patricia Gardner,Startup,Skinnerburgh,2025-04-13
377,Kevin Taylor,Startup,Alexanderstad,2024-12-12
378,Christopher Davidson,SMB,East Kerryside,2025-03-12
379,Aaron Williams,Enterprise,New Melissa,2025-01-06
380,Patricia Nguyen,SMB,Bennettborough,2025-03-28
381,Jennifer Cook,SMB,Lake Louis,2024-03-06
382,Joshua Miller,Enterprise,West Peggyville,2024-01-30
383,James Hunter,Startup,West Juliaburgh,2023-11-04
384,Kyle Taylor,Startup,Jayfort,2025-01-24
385,Erin Reed,SMB,North Josephton,2024-02-17
386,Christy Hess,SMB,South Lauraton,2023-07-08
387,Tamara Roberts,SMB,Andrewborough,2025-02-15
388,David Everett,Enterprise,New Colleen,2024-10-08
389,Kyle Trujillo,Enterprise,New Karenland,2024-04-30
390,Kenneth Taylor,SMB,East Jerry,2023-11-16
391,Samantha Washington,Startup,Port Jeffrey,2024-11-19
392,Daniel Manning,Startup,Port Jared,2023-11-09
393,Karen Wilson,Enterprise,Gordonburgh,2023-10-30
394,Amanda Winters,Enterprise,Allenborough,2023-09-14
395,Amy Thompson,Startup,West Sarahside,2025-02-13
396,Brandy Anderson,Enterprise,Lindseyville,2024-01-12
397,Olivia Oconnor,Startup,Christopherchester,2023-08-02
398,Jose Mendez,SMB,Pearsonchester,2024-09-20
399,Nicolas Le,Enterprise,New Zachary,2023-10-27
400,Dwayne Conway,SMB,Lake Barbaramouth,2024-09-17
401,Beth Lang,Enterprise,Maldonadoton,2024-01-21
402,Olivia Roy,Enterprise,Masseyland,2025-05-02
403,Glenn Howe,SMB,Williamsmouth,2024-04-22
404,Tyler Gray,SMB,Troychester,2023-07-12
405,Karen Phillips,Enterprise,North Maryville,2023-11-28
406,Dustin Hickman,SMB,Wilsonstad,2023-10-01
407,Daniel Warner,Startup,Michaelstad,2025-06-01
408,Wendy Hodges MD,Startup,West Ronaldview,2025-05-05
409,Samantha Donaldson,SMB,Benjaminshire,2024-09-21
410,Kevin Gutierrez,Startup,North Jeffreyport,2024-11-18
411,Joseph Brown,Startup,East Neil,2025-05-30
412,Janice Flowers,Startup,Mooreton,2024-05-26
413,Jennifer Morales,Enterprise,East Cherylton,2024-11-04
414,George Mcconnell,Startup,Martineztown,2025-05-01
415,Paul Cooley,Startup,South Krystal,2024-12-17
416,Brian Rivera,SMB,Kylemouth,2024-10-22
417,Miss Michele Brown DDS,Startup,West Alexanderville,2024-08-06
418,Raven Huff,Enterprise,Port Maria,2024-07-12
419,Samantha Lozano,Enterprise,New Caleb,2024-08-14
420,William Walters,SMB,Taylorville,2023-11-28
421,Anthony Harrington,Enterprise,South Randymouth,2023-07-19
422,John Morgan,Enterprise,Carterburgh,2025-04-01
423,David Hunter,Startup,Port Benjamin,2024-02-26
424,Andrea Martinez,Startup,North Angela,2024-11-17
425,Jeremiah Clark,Enterprise,Valeriebury,2024-04-22
426,Michael Collins,SMB,New Wendy,2024-09-05
427,Melissa Williams,SMB,Laneshire,2024-01-11
428,Frank Peters,Startup,Michelleside,2024-08-24
429,Kathleen Jones,Enterprise,North Brandiview,2024-11-18
430,Thomas Faulkner,Startup,North Mckenzieland,2023-07-03
431,Edward Moore,SMB,Davidside,2025-03-26
432,Jeremy Vance,Enterprise,Michellehaven,2023-11-10
433,Cindy Stevens,Startup,South Josephfort,2024-08-25
434,Dylan Booth,Startup,East Cassandrafurt,2025-01-23
435,Chelsey Deleon,SMB,Jerrystad,2025-02-10
436,Thomas Berry,Startup,Roseland,2024-09-25
437,Sherri Webb,SMB,Lake Eduardofort,2024-07-21
438,Heather Peterson,SMB,East Amy,2024-12-24
439,James Vargas,Enterprise,Coxburgh,2023-07-30
440,Raymond Aguilar,Enterprise,Hernandezchester,2023-07-15
441,Juan Valenzuela,Startup,New Bobport,2024-03-07
442,Jennifer Wright,SMB,Jonesburgh,2023-09-11
443,David Nelson,SMB,Hallfurt,2023-07-24
444,Veronica Hood,Enterprise,North Shaneside,2024-11-23
445,Courtney Fischer,Enterprise,Hessland,2023-08-10
446,Ruben Dominguez,SMB,West Valerie,2025-05-23
447,Joseph Wilson,Enterprise,East Nancy,2025-06-11
448,Steven Green,Startup,Christineland,2024-12-03
449,Michael Larson,SMB,Shawnfort,2024-01-21
450,Kelsey Carpenter,Enterprise,Port Steven,2024-05-17
451,Robert Gibbs,Startup,Spearsberg,2023-07-05
452,Kiara Hayden,SMB,Nicholasberg,2024-11-22
453,Edward Gibson,Startup,South Danielmouth,2024-08-11
454,Deborah Love,Startup,New Melindamouth,2024-09-25
455,Nicole James,SMB,Rowlandbury,2024-12-14
456,Lisa Barrett,Startup,Christinaland,2025-01-25
457,Maria Madden,Enterprise,Mollyhaven,2025-02-06
458,Dwayne Potter,Enterprise,Anitachester,2024-04-24
459,Joshua Walsh,Enterprise,Wilsonhaven,2023-11-14
460,Madison Brown,Startup,Morenofort,2024-08-12
461,Benjamin Harris,Enterprise,Annettemouth,2024-03-14
462,Michael Wu,Startup,Mccormickshire,2023-11-09
463,Vincent Smith,Enterprise,Lake Jose,2024-05-08
464,Dr. Jennifer Lewis DDS,SMB,New Angelatown,2024-12-15
465,Chelsea Wilson,Startup,East Emilyshire,2025-01-30
466,Matthew Salazar,Startup,North Matthew,2023-12-15
467,Judith Anderson,Enterprise,New Charlesshire,2024-09-19
468,Christopher Patel,SMB,Kellyhaven,2024-08-04
469,Brian Nelson,Enterprise,West Jacob,2025-02-24
470,Shelly Miller,Enterprise,Olsonfurt,2025-03-02
471,Christopher Reyes,SMB,Robbinston,2024-03-31
472,Tiffany Brown,SMB,South Darlenefurt,2024-10-26
473,Anthony Sharp,Enterprise,Millerfurt,2023-07-09
474,Ashley Davis,SMB,East Shane,2024-06-18
475,Tara Alvarado,Enterprise,Lake Briana,2023-10-19
476,Jorge Jackson,Startup,Tracistad,2023-11-12
477,Wyatt Garrett,Enterprise,South Trevor,2024-05-14
478,Kimberly Thompson,Startup,Jeromechester,2024-04-11
479,Pedro Cunningham,Enterprise,New Michaelhaven,2024-09-26
480,Paul Nunez,SMB,Loriton,2024-09-18
481,Christopher Acevedo,Startup,Lake Jasonton,2024-07-03
482,Amy Carson,SMB,East Donald,2025-05-24
483,James Weber,Startup,Jacquelineberg,2024-05-20
484,Heather Thompson,Startup,Kariton,2024-02-14
485,William Mcpherson,Enterprise,East Andrea,2024-11-08
486,Louis Murphy,Enterprise,West David,2023-11-04
487,Michael Jordan,Enterprise,New Williamhaven,2025-02-05
488,Andrew Holmes,Enterprise,Port Anthonymouth,2024-03-16
489,John Neal,SMB,North Edward,2025-04-15
490,Shannon Mcneil,Enterprise,Johnborough,2023-07-28
491,Isaac Duffy,Enterprise,West Virginia,2024-10-16
492,Shane Ward,Startup,Loganmouth,2025-05-25
493,Phillip Evans,SMB,Carrollside,2023-08-20
494,Stephanie Edwards,SMB,West Joshua,2024-10-20
495,Andrew Davis,Startup,East Andrewshire,2024-03-26
496,Christine Cunningham,Startup,Sancheztown,2025-02-14
497,Russell Mccoy,Enterprise,New Danielside,2025-05-06
498,Jesus Patterson,SMB,Jessicafort,2023-10-22
499,Jose Buchanan MD,Enterprise,Lauraland,2024-09-04
500,Paul Burton,Startup,East Oscar,2024-12-29
